<?xml version="1.0" encoding="UTF-8"?>
<beans xmlns="http://www.springframework.org/schema/beans"
       xmlns:xsi="http://www.w3.org/2001/XMLSchema-instance"
       xsi:schemaLocation="
       http://www.springframework.org/schema/beans http://www.springframework.org/schema/beans/spring-beans.xsd
       http://camel.apache.org/schema/spring       http://camel.apache.org/schema/spring/camel-spring.xsd">

    <camelContext id="camel" xmlns="http://camel.apache.org/schema/spring">
        <route id="simple-route">
            <from id="route-timer" uri="timer://foo?period=1000"/>
            <setBody id="route-setBody"><simple>Hello World from camel-context.xml</simple></setBody>
            <log id="route-log" message=">>> ${body}"/>
        </route>
    </camelContext>
</beans>
